"CBSACode","CBSApop","CBSAhhi","CBSATitle","Type"
10100,40602,0.398185568780869,"Aberdeen, SD",0
10140,72797,0.417311597323127,"Aberdeen, WA",0
10180,165252,0.356721732945039,"Abilene, TX",1
10220,37492,0.516376424549107,"Ada, OK",0
10300,99892,0.514078943679443,"Adrian, MI",0
10420,703200,0.234974701409753,"Akron, OH",1
10460,63797,0.523953974594969,"Alamogordo, NM",0
10500,157308,0.257979741466539,"Albany, GA",1
10540,116672,0.582915474124426,"Albany, OR",1
10580,870716,0.141092554963841,"Albany-Schenectady-Troy, NY",1
10620,60585,0.522179673318569,"Albemarle, NC",0
10660,31255,0.450499313213829,"Albert Lea, MN",0
10700,93019,0.595414623983569,"Albertville, AL",0
10740,887077,0.306668225898407,"Albuquerque, NM",1
10780,153922,0.383553048666473,"Alexandria, LA",1
10820,36009,0.527071384747102,"Alexandria, MN",0
10860,40838,0.499766163639697,"Alice, TX",0
10900,821173,0.170966310367774,"Allentown-Bethlehem-Easton, PA-NJ",1
10940,42476,0.470171910403149,"Alma, MI",0
10980,29598,0.593099556940226,"Alpena, MI",0
11020,127089,0.48746030946721,"Altoona, PA",1
11060,26446,0.45670043697021,"Altus, OK",0
11100,251933,0.304348078352341,"Amarillo, TX",1
11140,37829,0.41070001816231,"Americus, GA",0
11180,89542,0.399361835519249,"Ames, IA",1
11220,50219,0.451391212437434,"Amsterdam, NY",0
11260,380821,0.376419170924483,"Anchorage, AK",1
11380,14786,0.510213548848751,"Andrews, TX",0
11420,34185,0.584003302823721,"Angola, IN",0
11460,344791,0.532927795311095,"Ann Arbor, MI",1
11500,118572,0.387321238755462,"Anniston-Oxford-Jacksonville, AL",1
11540,225666,0.265888648926234,"Appleton, WI",1
11580,34862,0.705186299310868,"Arcadia, FL",0
11620,47557,0.41205528403961,"Ardmore, OK",0
11660,22995,0.458431781466295,"Arkadelphia, AR",0
11680,36311,0.403359822298218,"Arkansas City-Winfield, KS",0
11700,424858,0.236306958955535,"Asheville, NC",1
11740,53139,0.518351484136605,"Ashland, OH",0
11780,101497,0.472601440710005,"Ashtabula, OH",0
11820,37039,0.410524764952752,"Astoria, OR",0
11860,16924,0.484863892929995,"Atchison, KS",0
11900,64757,0.482266477638043,"Athens, OH",0
11940,52266,0.490271735776292,"Athens, TN",0
11980,78532,0.471751175307596,"Athens, TX",0
12020,192541,0.286284561117226,"Athens-Clarke County, GA",1
12060,5286728,0.0584013820694252,"Atlanta-Sandy Springs-Roswell, GA",1
12100,274549,0.43179822772214,"Atlantic City-Hammonton, NJ",1
12140,42223,0.413011223177065,"Auburn, IN",0
12180,80026,0.532197544953448,"Auburn, NY",0
12220,140247,0.362587814451191,"Auburn-Opelika, AL",1
12260,564873,0.16545797685299,"Augusta-Richmond County, GA-SC",1
12300,122151,0.570715858762648,"Augusta-Waterville, ME",0
12380,39163,0.44197291633939,"Austin, MN",0
12420,1716289,0.214580751105671,"Austin-Round Rock, TX",1
12460,27842,0.54433729226646,"Bainbridge, GA",0
12540,839631,0.435660241654869,"Bakersfield, CA",1
12580,2710489,0.156688119674716,"Baltimore-Columbia-Towson, MD",1
12620,153923,0.597509528958381,"Bangor, ME",1
12660,61976,0.412131476421366,"Baraboo, WI",0
12680,43437,0.624550725900768,"Bardstown, KY",0
12700,215888,0.713727826518561,"Barnstable Town, MA",1
12740,59534,0.565903779955151,"Barre, VT",0
12780,50976,0.822665078445795,"Bartlesville, OK",0
12820,27979,0.551255399248606,"Bastrop, LA",0
12860,60079,0.508383416414698,"Batavia, NY",0
12900,36647,0.541120115092924,"Batesville, AR",0
12940,802484,0.201469461694577,"Baton Rouge, LA",1
12980,136146,0.47184117730827,"Battle Creek, MI",1
13020,107771,0.398529298878158,"Bay City, MI",1
13060,36702,0.481934859014346,"Bay City, TX",0
13100,22311,0.43725786959936,"Beatrice, NE",0
13140,403190,0.190680277710231,"Beaumont-Port Arthur, TX",1
13180,88759,0.293627834910368,"Beaver Dam, WI",0
13220,124898,0.329163970591943,"Beckley, WV",1
13260,46134,0.549771875998215,"Bedford, IN",0
13300,31861,0.590220347059656,"Beeville, TX",0
13340,45858,0.490755099858151,"Bellefontaine, OH",0
13380,201140,0.476130949485514,"Bellingham, WA",1
13420,44442,0.609010030065158,"Bemidji, MN",0
13460,157733,0.450258582049303,"Bend-Redmond, OR",1
13500,28933,0.546560033080264,"Bennettsville, SC",0
13540,37125,0.878511292027718,"Bennington, VT",0
13620,39361,0.505180484547989,"Berlin, NH-VT",0
13660,42798,0.644858584350547,"Big Rapids, MI",0
13700,36238,0.473406891715571,"Big Spring, TX",0
13720,61313,0.310662337649582,"Big Stone Gap, VA",0
13740,158934,0.436978319685587,"Billings, MT",1
13780,251725,0.383540313929656,"Binghamton, NY",1
13820,1128047,0.147318273590812,"Birmingham-Hoover, AL",1
13900,114778,0.282751366842744,"Bismarck, ND",1
13940,45607,0.534588854894917,"Blackfoot, ID",0
13980,178237,0.176475854083351,"Blacksburg-Christiansburg-Radford, VA",1
14010,186133,0.30769761116866,"Bloomington, IL",1
14020,159549,0.417642805914682,"Bloomington, IN",1
14100,85562,0.343328918428334,"Bloomsburg-Berwick, PA",1
14140,107342,0.298924463233264,"Bluefield, WV-VA",0
14180,46480,0.356543402900753,"Blytheville, AR",0
14220,47168,0.566579595334013,"Bogalusa, LA",0
14260,616561,0.204710257034719,"Boise City, ID",1
14340,26306,0.43499892510145,"Boone, IA",0
14380,51079,0.623950176205058,"Boone, NC",0
14420,22150,0.430772365455286,"Borger, TX",0
14460,4552402,0.0979074066477999,"Boston-Cambridge-Newton, MA-NH",1
14500,294567,0.340578667948569,"Boulder, CO",1
14540,158599,0.333542899856025,"Bowling Green, KY",1
14580,89513,0.490965519642957,"Bozeman, MT",0
14620,43450,0.515130407548422,"Bradford, PA",0
14660,91067,0.277561473341289,"Brainerd, MN",0
14700,83877,0.308412435624878,"Branson, MO",0
14720,27994,0.494518183016029,"Breckenridge, CO",0
14740,251133,0.590974406097672,"Bremerton-Silverdale, WA",1
14780,33718,0.559532056986244,"Brenham, TX",0
14820,33090,0.67689563955696,"Brevard, NC",0
14860,916829,0.460475784833917,"Bridgeport-Stamford-Norwalk, CT",1
15020,34869,0.611309294324104,"Brookhaven, MS",0
15060,22364,0.53098303925914,"Brookings, OR",0
15100,31965,0.437013109457673,"Brookings, SD",0
15180,406220,0.395230983641949,"Brownsville-Harlingen, TX",1
15220,38106,0.474937317129381,"Brownwood, TX",0
15260,112370,0.413328064482182,"Brunswick, GA",1
15340,43784,0.414182643721168,"Bucyrus, OH",0
15380,1135509,0.364912944031625,"Buffalo-Cheektowaga-Niagara Falls, NY",1
15420,43021,0.255582053279457,"Burley, ID",0
15460,47656,0.344222495715944,"Burlington, IA-IL",0
15500,151131,0.414551151366589,"Burlington, NC",1
15540,211261,0.322647218651824,"Burlington-South Burlington, VT",1
15580,34200,0.490326350415512,"Butte-Silver Bow, MT",0
15620,47584,0.36548404395275,"Cadillac, MI",0
15660,55186,0.625418346186238,"Calhoun, GA",0
15680,105151,0.94725123272607,"California-Lexington Park, MD",1
15700,32618,0.516349659645623,"Cambridge, MD",0
15740,40087,0.557333111990013,"Cambridge, OH",0
15780,31488,0.360677284442326,"Camden, AR",0
15820,24512,0.604964298112969,"Campbellsville, KY",0
15860,46824,0.522917247282673,"Cañon City, CO",0
15900,37069,0.387796340665624,"Canton, IL",0
15940,404422,0.467063623681365,"Canton-Massillon, OH",1
15980,618754,0.518487137288174,"Cape Coral-Fort Myers, FL",1
16020,96275,0.294667959791467,"Cape Girardeau, MO-IL",1
16060,126575,0.238225740166552,"Carbondale-Marion, IL",1
16100,53829,0.430987602383749,"Carlsbad-Artesia, NM",0
16180,55274,0.5,"Carson City, NV",1
16220,75450,0.450440126817551,"Casper, WY",1
16260,46163,0.420546412792576,"Cedar City, UT",0
16300,257940,0.276971422671255,"Cedar Rapids, IA",1
16340,41475,0.571148018014505,"Cedartown, GA",0
16380,40814,0.473151575625824,"Celina, OH",0
16460,39437,0.563472050090962,"Centralia, IL",0
16500,75455,0.535692145888843,"Centralia, WA",0
16540,149618,0.648901317780456,"Chambersburg-Waynesboro, PA",1
16580,231891,0.277812733340599,"Champaign-Urbana, IL",1
16620,227078,0.371635569140094,"Charleston, WV",1
16660,64921,0.304427143123609,"Charleston-Mattoon, IL",0
16700,664607,0.173965082906868,"Charleston-North Charleston, SC",1
16740,2217012,0.117165308307875,"Charlotte-Concord-Gastonia, NC-SC",1
16820,218705,0.217158277218453,"Charlottesville, VA",1
16860,528143,0.232046798845668,"Chattanooga, TN-GA",1
16940,91738,0.511872501451185,"Cheyenne, WY",1
16980,9461105,0.111922340533393,"Chicago-Naperville-Elgin, IL-IN-WI",1
17020,220000,0.447594802788145,"Chico, CA",1
17060,78064,0.608546023228515,"Chillicothe, OH",0
17140,2114580,0.0969871290092711,"Cincinnati, OH-KY-IN",1
17200,218466,0.232602817206735,"Claremont-Lebanon, NH-VT",0
17220,94196,0.301585686892828,"Clarksburg, WV",0
17260,26151,0.445087080152375,"Clarksdale, MS",0
17300,260625,0.283364203982112,"Clarksville, TN-KY",1
17340,64665,0.618903589559234,"Clearlake, CA",0
17380,34145,0.394060398500424,"Cleveland, MS",0
17420,115788,0.460665547643237,"Cleveland, TN",1
17460,2077240,0.135191139717203,"Cleveland-Elyria, OH",1
17500,39140,0.618516484452045,"Clewiston, FL",0
17540,49116,0.349413929221852,"Clinton, IA",0
17580,48376,0.486255391838323,"Clovis, NM",0
17660,138494,0.39281608610294,"Coeur d'Alene, ID",1
17700,35471,0.393408139248782,"Coffeyville, KS",0
17740,45248,0.56475671107946,"Coldwater, MI",0
17780,228660,0.310764603899735,"College Station-Bryan, TX",1
17820,645613,0.455143303691752,"Colorado Springs, CO",1
17860,162642,0.493983986040039,"Columbia, MO",1
17900,767598,0.237296271489146,"Columbia, SC",1
17980,294865,0.298308983585882,"Columbus, GA-AL",1
18020,76794,0.474656387772188,"Columbus, IN",1
18060,59779,0.564974469720011,"Columbus, MS",0
18100,32237,0.477000082728289,"Columbus, NE",0
18140,1901974,0.18818644434701,"Columbus, OH",1
18180,146445,0.597679362810189,"Concord, NH",0
18220,24277,0.533828246718135,"Connersville, IN",0
18260,106042,0.306310686495484,"Cookeville, TN",0
18300,63043,0.431079023673892,"Coos Bay, OR",0
18380,23439,0.544824425979905,"Cordele, GA",0
18420,37057,0.5305823262907,"Corinth, MS",0
18460,43041,0.688917300282715,"Cornelia, GA",0
18500,98990,0.521999959780793,"Corning, NY",0
18580,428185,0.322085523226217,"Corpus Christi, TX",1
18620,47735,0.453013917280401,"Corsicana, TX",0
18660,49336,0.516922919352642,"Cortland, NY",0
18700,85579,0.333101873777776,"Corvallis, OR",1
18740,36901,0.541056495874981,"Coshocton, OH",0
18780,13795,0.502786022316437,"Craig, CO",0
18820,38124,0.480827852689726,"Crawfordsville, IN",0
18860,28610,0.667245596824717,"Crescent City, CA",0
18880,235865,0.36171645128191,"Crestview-Fort Walton Beach-Destin, FL",1
18900,56053,0.701510291615168,"Crossville, TN",0
18980,80406,0.534244799555812,"Cullman, AL",0
19000,40271,0.814023894426609,"Cullowhee, NC",0
19060,103299,0.33037857792705,"Cumberland, MD-WV",1
19100,6426214,0.0824723564609298,"Dallas-Fort Worth-Arlington, TX",1
19140,142227,0.391159527330445,"Dalton, GA",1
19180,81625,0.397848205957101,"Danville, IL",1
19220,53174,0.283887955998908,"Danville, KY",0
19260,106561,0.328909014130443,"Danville, VA",0
19300,182265,0.454669282662773,"Daphne-Fairhope-Foley, AL",1
19340,379690,0.13674367981853,"Davenport-Moline-Rock Island, IA-IL",1
19380,799232,0.173815515748285,"Dayton, OH",1
19420,31809,0.59269735827996,"Dayton, TN",0
19460,153829,0.475072831015044,"Decatur, AL",1
19500,110768,0.424008993051558,"Decatur, IL",1
19540,34387,0.517246961227489,"Decatur, IN",0
19580,39037,0.497785373029938,"Defiance, OH",0
19620,48879,0.512373263304368,"Del Rio, TX",0
19660,590289,0.251298015688288,"Deltona-Daytona Beach-Ormond Beach, FL",1
19700,25095,0.492687319274567,"Deming, NM",0
19740,2543482,0.0884627844109507,"Denver-Aurora-Lakewood, CO",1
19760,35654,0.617833185004536,"DeRidder, LA",0
19780,569633,0.2115478843871,"Des Moines-West Des Moines, IA",1
19820,4296250,0.120465502851194,"Detroit-Warren-Dearborn, MI",1
19860,24199,0.466392203130601,"Dickinson, ND",0
19940,36031,0.354677748517756,"Dixon, IL",0
19980,33848,0.477748202354539,"Dodge City, KS",0
20020,145639,0.258670283002375,"Dothan, AL",1
20060,42356,0.569869909870823,"Douglas, GA",0
20100,162310,0.505741419466693,"Dover, DE",1
20140,58414,0.407711151676026,"Dublin, GA",0
20180,81642,0.599099320455244,"DuBois, PA",0
20220,93653,0.446236649031277,"Dubuque, IA",1
20260,279771,0.226999754033389,"Duluth, MN-WI",1
20300,21904,0.407976475797779,"Dumas, TX",0
20340,45048,0.418692671854175,"Duncan, OK",0
20380,114678,0.654698470885338,"Dunn, NC",0
20420,51334,0.576413051856192,"Durango, CO",0
20460,42416,0.487253770789426,"Durant, OK",0
20500,504357,0.171389005821712,"Durham-Chapel Hill, NC",1
20540,38335,0.502531916236384,"Dyersburg, TN",0
20580,54258,0.560525686510228,"Eagle Pass, TX",0
20660,37782,0.527940951393919,"Easton, MD",0
20700,169842,0.810004910566453,"East Stroudsburg, PA",1
20740,161151,0.254940375401556,"Eau Claire, WI",1
20780,52197,0.429588063892857,"Edwards, CO",0
20820,34242,0.470534817880954,"Effingham, IL",0
20900,41280,0.469397480537895,"El Campo, TX",0
20940,174528,0.358148637906643,"El Centro, CA",1
20980,41639,0.486853908364559,"El Dorado, AR",0
21020,64094,0.312869085747598,"Elizabeth City, NC",0
21060,148338,0.299997214175,"Elizabethtown-Fort Knox, KY",1
21120,22119,0.411763465840052,"Elk City, OK",0
21140,197559,0.492065999003024,"Elkhart-Goshen, IN",1
21180,29405,0.611868106657969,"Elkins, WV",0
21220,50805,0.461530043565732,"Elko, NV",0
21260,40915,0.494517864479957,"Ellensburg, WA",0
21300,88830,0.520731311249286,"Elmira, NY",1
21340,804123,0.4663687488367,"El Paso, TX",1
21380,33690,0.467943275185938,"Emporia, KS",0
21420,60580,0.457736085813501,"Enid, OK",0
21460,49948,0.476922214422404,"Enterprise, AL",0
21500,280566,0.510662085377246,"Erie, PA",1
21540,37069,0.517332863850376,"Escanaba, MI",0
21580,40246,0.65071215804417,"Española, NM",0
21660,351715,0.411836548023229,"Eugene, OR",1
21700,134623,0.496075997478208,"Eureka-Arcata-Fortuna, CA",0
21740,21118,0.432697250489141,"Evanston, WY",0
21780,311552,0.228046179364191,"Evansville, IN-KY",1
21820,97581,0.610900488236031,"Fairbanks, AK",1
21840,16843,0.478653246265853,"Fairfield, IA",0
21900,56418,0.482292454720613,"Fairmont, WV",0
21980,24877,0.61807277457537,"Fallon, NV",0
22020,208777,0.243444511079881,"Fargo, ND-MN",1
22060,64142,0.53125847126874,"Faribault-Northfield, MN",0
22100,65359,0.415315398247112,"Farmington, MO",0
22140,130044,0.525440872442102,"Farmington, NM",1
22180,366383,0.392118321027266,"Fayetteville, NC",1
22220,463204,0.161006272400149,"Fayetteville-Springdale-Rogers, AR-MO",1
22260,57303,0.458974208543502,"Fergus Falls, MN",0
22280,51980,0.557626246209772,"Fernley, NV",0
22300,74782,0.406679899472113,"Findlay, OH",0
22340,17634,0.551694733054576,"Fitzgerald, GA",0
22380,134421,0.458383944038793,"Flagstaff, AZ",1
22420,425790,0.513859749402865,"Flint, MI",1
22500,205566,0.334977441851299,"Florence, SC",1
22520,147137,0.268118623182574,"Florence-Muscle Shoals, AL",1
22540,101633,0.43069518855732,"Fond du Lac, WI",1
22580,67810,0.622551350562689,"Forest City, NC",0
22620,28258,0.449248683038231,"Forrest City, AR",0
22660,299630,0.372521588905707,"Fort Collins, CO",1
22700,38013,0.445556738233139,"Fort Dodge, IA",0
22780,52274,0.676134216402113,"Fort Leonard Wood, MO",0
22800,62105,0.18515389288477,"Fort Madison-Keokuk, IA-IL-MO",0
22820,28159,0.431765965065866,"Fort Morgan, CO",0
22860,52334,0.658470550593636,"Fort Polk South, LA",0
22900,280467,0.148381677088059,"Fort Smith, AR-OK",1
23060,416257,0.368203337816543,"Fort Wayne, IN",1
23140,33224,0.464334083309737,"Frankfort, IN",0
23180,70706,0.32035925688481,"Frankfort, KY",0
23240,24837,0.581822117359885,"Fredericksburg, TX",0
23300,47711,0.447829113919708,"Freeport, IL",0
23340,36691,0.444028245287318,"Fremont, NE",0
23380,60944,0.489541938914834,"Fremont, OH",0
23420,930450,0.393338777831392,"Fresno, CA",1
23460,104430,0.413357673871807,"Gadsden, AL",1
23500,55342,0.647746507202554,"Gaffney, SC",0
23540,264275,0.445957767432374,"Gainesville, FL",1
23580,179684,0.66713650382828,"Gainesville, GA",1
23620,38437,0.512069983280772,"Gainesville, TX",0
23660,52919,0.412796239135083,"Galesburg, IL",0
23700,71492,0.642929095773013,"Gallup, NM",0
23780,40753,0.398246771426128,"Garden City, KS",0
23820,46997,1,"Gardnerville Ranchos, NV",0
23860,60158,0.710249830232408,"Georgetown, SC",0
23900,101407,0.609459362286627,"Gettysburg, PA",1
23940,46133,0.501852831350402,"Gillette, WY",0
23980,52272,0.417493907672924,"Glasgow, KY",0
24020,128923,0.313716897841943,"Glens Falls, NY",1
24060,73537,0.276806255103072,"Glenwood Springs, CO",0
24100,55531,0.468084036895768,"Gloversville, NY",0
24140,122623,0.622603030692626,"Goldsboro, NC",1
24220,98461,0.266930214480666,"Grand Forks, ND-MN",1
24260,81850,0.276209835075931,"Grand Island, NE",1
24300,146723,0.51055152943194,"Grand Junction, CO",1
24340,988938,0.23704780301476,"Grand Rapids-Wyoming, MI",1
24380,27213,0.53164308621183,"Grants, NM",0
24420,82713,0.566352416526886,"Grants Pass, OR",1
24460,27674,0.417547613944284,"Great Bend, KS",0
24500,81327,0.503711723201437,"Great Falls, MT",1
24540,252825,0.40585455247153,"Greeley, CO",1
24580,306241,0.258546422326273,"Green Bay, WI",1
24620,68831,0.623484250647151,"Greeneville, TN",0
24640,71372,0.684206760840434,"Greenfield Town, MA",0
24660,723801,0.274327543543324,"Greensboro-High Point, NC",1
24700,25740,0.496081464667508,"Greensburg, IN",0
24740,51137,0.431754092461488,"Greenville, MS",0
24780,168148,0.471855723855232,"Greenville, NC",1
24820,52959,0.46524770104131,"Greenville, OH",0
24860,824112,0.231441455375793,"Greenville-Anderson-Mauldin, SC",1
24900,42914,0.355102043154844,"Greenwood, MS",0
24940,95078,0.332939406238667,"Greenwood, SC",0
24980,21906,0.531712438869055,"Grenada, MS",0
25060,370702,0.180390925801218,"Gulfport-Biloxi-Pascagoula, MS",1
25100,20640,0.399942108083053,"Guymon, OK",0
25180,251599,0.332780413684564,"Hagerstown-Martinsburg, MD-WV",1
25200,27701,0.275411999412061,"Hailey, ID",0
25220,121097,0.60441751471496,"Hammond, LA",1
25260,152982,0.375960851174677,"Hanford-Corcoran, CA",1
25300,38948,0.297870217708875,"Hannibal, MO",0
25420,549475,0.265453658028387,"Harrisburg-Carlisle, PA",1
25460,45233,0.415624389990609,"Harrison, AR",0
25500,125228,0.293460452783373,"Harrisonburg, VA",1
25540,1212381,0.38027110664367,"Hartford-West Hartford-East Hartford, CT",1
25580,31364,0.465644410456682,"Hastings, NE",0
25620,142842,0.257498474334978,"Hattiesburg, MS",1
25700,28452,0.449356396148629,"Hays, KS",0
25720,23530,0.412663333068893,"Heber, UT",0
25740,74801,0.430782327462923,"Helena, MT",0
25760,21757,0.467799943846413,"Helena-West Helena, AR",0
25780,45422,0.610170536133359,"Henderson, NC",0
25820,19372,0.506634596893543,"Hereford, TX",0
25840,87062,0.299438019010124,"Hermiston-Pendleton, OR",0
25860,365497,0.164944821627307,"Hickory-Lenoir-Morganton, NC",1
25880,46688,0.591971632812365,"Hillsdale, MI",0
25940,187010,0.40133740951159,"Hilton Head Island-Bluffton-Beaufort, SC",1
25980,77917,0.36262183126124,"Hinesville, GA",1
26020,64727,0.410531891686194,"Hobbs, NM",0
26090,111408,0.469078531193571,"Holland, MI",0
26140,141236,0.871156207423788,"Homosassa Springs, FL",1
26220,22346,0.587346249365361,"Hood River, OR",0
26300,96024,0.595045107427292,"Hot Springs, AR",1
26340,38784,0.458168804975722,"Houghton, MI",0
26380,208178,0.339454338333053,"Houma-Thibodaux, LA",1
26420,5920416,0.251975469210753,"Houston-The Woodlands-Sugar Land, TX",1
26460,63096,0.698970607641373,"Hudson, NY",0
26500,45913,0.600229996020693,"Huntingdon, PA",0
26540,37124,0.471716420836605,"Huntington, IN",0
26580,364908,0.100679003475016,"Huntington-Ashland, WV-KY-OH",1
26620,417593,0.297837362002834,"Huntsville, AL",1
26660,82446,0.395851594002973,"Huntsville, TX",0
26700,17398,0.475273607498162,"Huron, SD",0
26740,64511,0.449424050142854,"Hutchinson, KS",0
26780,36651,0.397796465652489,"Hutchinson, MN",0
26820,133265,0.323632782565783,"Idaho Falls, ID",1
26860,88880,0.639430526228976,"Indiana, PA",0
26900,1887877,0.142252131856396,"Indianapolis-Carmel-Anderson, IN",1
26940,29450,0.405016129729957,"Indianola, MS",0
26960,63905,0.520802252930727,"Ionia, MI",0
26980,152586,0.300218331271645,"Iowa City, IA",1
27020,30591,0.373463663067387,"Iron Mountain, MI-WI",0
27060,101564,0.532334659750062,"Ithaca, NY",1
27100,160248,0.672528898761455,"Jackson, MI",1
27140,567122,0.140484957827023,"Jackson, MS",1
27160,33225,0.526878091995176,"Jackson, OH",0
27180,130011,0.326107146447258,"Jackson, TN",1
27220,31464,0.32499133295144,"Jackson, WY-ID",0
27260,1345596,0.29163266303164,"Jacksonville, FL",1
27300,40902,0.328524695834509,"Jacksonville, IL",0
27340,177772,0.557685531569785,"Jacksonville, NC",1
27380,50845,0.45133814235344,"Jacksonville, TX",0
27420,21100,0.481514230485368,"Jamestown, ND",0
27460,134905,0.444552881694407,"Jamestown-Dunkirk-Fredonia, NY",0
27500,160331,0.409775819577256,"Janesville-Beloit, WI",1
27540,54734,0.322520394501386,"Jasper, IN",0
27600,60485,0.5659772676684,"Jefferson, GA",0
27620,149807,0.197980077428504,"Jefferson City, MO",1
27700,30099,0.584749022874379,"Jesup, GA",0
27740,198716,0.271340470737251,"Johnson City, TN",1
27780,143679,0.493476249586888,"Johnstown, PA",1
27860,121026,0.313505052178907,"Jonesboro, AR",1
27900,175518,0.236504141256347,"Joplin, MO",1
27920,34362,0.483365702907551,"Junction City, KS",0
27940,31275,0.5,"Juneau, AK",0
28020,326589,0.339001647588497,"Kalamazoo-Portage, MI",1
28060,90928,0.587321962420279,"Kalispell, MT",0
28100,113449,0.366632712914779,"Kankakee, IL",1
28140,2009342,0.079536970593957,"Kansas City, MO-KS",1
28260,52591,0.357799226130458,"Kearney, NE",0
28300,77117,0.642722078160383,"Keene, NH",0
28340,47536,0.510395444849364,"Kendallville, IN",0
28380,31953,0.38946160523109,"Kennett, MO",0
28420,253340,0.227918117256322,"Kennewick-Richland, WA",1
28500,49625,0.544798626414723,"Kerrville, TX",0
28540,13477,0.512390042164676,"Ketchikan, AK",0
28580,73090,0.473186633219625,"Key West, FL",0
28620,38327,0.390209298265924,"Kill Devil Hills, NC",0
28660,405300,0.238714604840544,"Killeen-Temple, TX",1
28700,309544,0.183730232299945,"Kingsport-Bristol-Bristol, TN-VA",1
28740,182493,0.693246808813049,"Kingston, NY",1
28780,32477,0.497951554356213,"Kingsville, TX",0
28820,59495,0.52916194586909,"Kinston, NC",0
28860,30038,0.381529946493308,"Kirksville, MO",0
28900,66380,0.597622821040745,"Klamath Falls, OR",0
28940,837571,0.178156194316209,"Knoxville, TN",1
29020,82752,0.51417642709303,"Kokomo, IN",1
29060,60088,0.668462341327803,"Laconia, NH",0
29100,133665,0.314024536080486,"La Crosse-Onalaska, WI-MN",1
29180,466750,0.142942706648596,"Lafayette, LA",1
29200,201789,0.358273226785626,"Lafayette-West Lafayette, IN",1
29260,25748,0.414819869078472,"La Grande, OR",0
29300,67044,0.541300403493371,"LaGrange, GA",0
29340,199607,0.457629299088316,"Lake Charles, LA",1
29380,67531,0.732651263847554,"Lake City, FL",0
29420,200186,0.427630841567574,"Lake Havasu City-Kingman, AZ",1
29460,602095,0.545350639989593,"Lakeland-Winter Haven, FL",1
29500,13833,0.474670652319724,"Lamesa, TX",0
29540,519445,0.602017504040117,"Lancaster, PA",1
29620,464036,0.233252703936668,"Lansing-East Lansing, MI",1
29660,36299,0.499695524473034,"Laramie, WY",0
29700,250304,0.484369318439319,"Laredo, TX",1
29740,209233,0.507264704097377,"Las Cruces, NM",1
29780,29393,0.531867984577094,"Las Vegas, NM",0
29820,1951269,0.461190473612848,"Las Vegas-Henderson-Paradise, NV",1
29860,84823,0.419547193640193,"Laurel, MS",0
29900,36157,0.540090451414602,"Laurinburg, NC",0
29940,110826,0.455121041730694,"Lawrence, KS",1
29980,41869,0.603802001258465,"Lawrenceburg, TN",0
30020,130291,0.428449836230031,"Lawton, OK",1
30060,35571,0.565865724695136,"Lebanon, MO",0
30140,133568,0.578325907031256,"Lebanon, PA",1
30220,22935,0.44384261876446,"Levelland, TX",0
30260,44947,0.67267409871737,"Lewisburg, PA",0
30280,30617,0.540863446832558,"Lewisburg, TN",0
30300,60888,0.290626609534981,"Lewiston, ID-WA",1
30340,107702,0.48098187727848,"Lewiston-Auburn, ME",1
30380,46682,0.658869380607722,"Lewistown, PA",0
30420,26370,0.344899679491918,"Lexington, NE",0
30460,472099,0.244109315314109,"Lexington-Fayette, KY",1
30580,22952,0.491242394129593,"Liberal, KS",0
30620,106331,0.468425488606733,"Lima, OH",1
30660,30305,0.435966201041441,"Lincoln, IL",0
30700,302157,0.44168728686089,"Lincoln, NE",1
30780,699757,0.152495141499298,"Little Rock-North Little Rock-Conway, AR",1
30820,39238,0.519191072062881,"Lock Haven, PA",0
30860,125442,0.273298772362927,"Logan, UT-ID",1
30880,36743,0.795397525780361,"Logan, WV",0
30900,38966,0.505192003304645,"Logansport, IN",0
30940,126369,0.262156057851893,"London, KY",0
30980,214369,0.214006786169723,"Longview, TX",1
31020,102410,0.496769171199731,"Longview, WA",1
31060,17950,1,"Los Alamos, NM",0
31080,12828837,0.20179799529011,"Los Angeles-Long Beach-Anaheim, CA",1
31140,1235708,0.195330372700314,"Louisville/Jefferson County, KY-IN",1
31180,290805,0.438775676223749,"Lubbock, TX",1
31220,28705,0.597380601191961,"Ludington, MI",0
31260,86771,0.484005297668375,"Lufkin, TX",0
31300,134168,0.65267917445831,"Lumberton, NC",0
31340,252634,0.174199390912843,"Lynchburg, VA",1
31380,32612,0.419615745457449,"Macomb, IL",0
31420,232293,0.308865875310663,"Macon, GA",1
31460,150865,0.503783267416778,"Madera, CA",1
31500,32428,0.516284818394061,"Madison, IN",0
31540,605435,0.255811258859825,"Madison, WI",1
31580,46920,0.497997329059634,"Madisonville, KY",0
31620,24552,0.487372531646617,"Magnolia, AR",0
31660,51599,0.68991075545073,"Malone, NY",0
31680,32923,0.58547576718696,"Malvern, AR",0
31700,400721,0.505587132366222,"Manchester-Nashua, NH",1
31740,92719,0.328816583734944,"Manhattan, KS",1
31820,81442,0.435175043975154,"Manitowoc, WI",0
31860,96740,0.232147219173401,"Mankato-North Mankato, MN",1
31900,124475,0.463193324797889,"Mansfield, OH",1
31930,61778,0.557446528389361,"Marietta, OH",0
31940,65778,0.28140895290458,"Marinette, WI-MI",0
31980,70061,0.409712097287752,"Marion, IN",0
32000,44996,0.722559681239865,"Marion, NC",0
32020,66501,0.501280789370563,"Marion, OH",0
32100,67077,0.507170508773407,"Marquette, MI",0
32140,25857,0.401363862861955,"Marshall, MN",0
32180,23370,0.434179661899332,"Marshall, MO",0
32220,65631,0.533315868013112,"Marshall, TX",0
32260,40648,0.443051081680555,"Marshalltown, IA",0
32280,35021,0.470271920421537,"Martin, TN",0
32300,67972,0.486627816380728,"Martinsville, VA",0
32340,23370,0.4612453897363,"Maryville, MO",0
32380,51749,0.305381986347901,"Mason City, IA",0
32460,37121,0.640400036072726,"Mayfield, KY",0
32500,17490,0.536811313379208,"Maysville, KY",0
32540,45837,0.459055312476256,"McAlester, OK",0
32580,774769,0.371994066695846,"McAllen-Edinburg-Mission, TX",1
32620,53535,0.356305863654378,"McComb, MS",0
32660,39839,0.596589299650601,"McMinnville, TN",0
32700,29180,0.396438928670665,"McPherson, KS",0
32740,88765,0.586519268482324,"Meadville, PA",0
32780,203206,0.403782758574121,"Medford, OR",1
32820,1324829,0.235172735734961,"Memphis, TN-MS-AR",1
32860,43857,0.525325786481241,"Menomonie, WI",0
32900,255793,0.414583261461433,"Merced, CA",1
32940,107449,0.348002994466346,"Meridian, MS",0
32980,28743,0.532834661231134,"Merrill, WI",0
33020,25529,0.378397083287309,"Mexico, MO",0
33060,31848,0.450759797798955,"Miami, OK",0
33100,5564635,0.129560945924019,"Miami-Fort Lauderdale-West Palm Beach, FL",1
33140,111467,0.440609439069488,"Michigan City-La Porte, IN",1
33180,28691,0.561643669398814,"Middlesborough, KY",0
33220,83629,0.951874665960241,"Midland, MI",1
33260,141671,0.477375187467986,"Midland, TX",1
33300,55149,0.452391942678385,"Milledgeville, GA",0
33340,1555908,0.167581721666807,"Milwaukee-Waukesha-West Allis, WI",1
33420,28111,0.488929450220022,"Mineral Wells, TX",0
33460,3348859,0.0554180809939845,"Minneapolis-St. Paul-Bloomington, MN-WI",1
33500,69540,0.387697466246926,"Minot, ND",0
33540,109299,0.529141913028805,"Missoula, MT",1
33580,22835,0.389807136218851,"Mitchell, SD",0
33620,25414,0.472870498419101,"Moberly, MO",0
33660,412992,0.469838727062369,"Mobile, AL",1
33700,514453,0.371429326726168,"Modesto, CA",1
33740,176441,0.42813816661244,"Monroe, LA",1
33780,152021,0.592451127420328,"Monroe, MI",1
33860,374536,0.245916881315864,"Montgomery, AL",1
33940,41276,0.514117387691159,"Montrose, CO",0
33980,66469,0.510138848271289,"Morehead City, NC",0
34020,54650,0.541753943466806,"Morgan City, LA",0
34060,129709,0.375511037449415,"Morgantown, WV",1
34100,113951,0.299902949907152,"Morristown, TN",1
34140,37244,0.456067286521764,"Moscow, ID",0
34180,89120,0.445534601851578,"Moses Lake, WA",0
34220,45498,0.555122279593212,"Moultrie, GA",0
34260,41513,0.540448900939387,"Mountain Home, AR",0
34300,27038,0.515897004813294,"Mountain Home, ID",0
34340,73673,0.669133336599924,"Mount Airy, NC",0
34380,70311,0.563800954929832,"Mount Pleasant, MI",0
34420,32334,0.534663098939378,"Mount Pleasant, TX",0
34460,44396,0.291144700608895,"Mount Sterling, KY",0
34500,38827,0.490194920353957,"Mount Vernon, IL",0
34540,60921,0.517967707716899,"Mount Vernon, OH",0
34580,116901,0.438106268077201,"Mount Vernon-Anacortes, WA",1
34620,117671,0.440014543426531,"Muncie, IN",1
34660,37191,0.554432744946621,"Murray, KY",0
34700,42745,0.424467414244076,"Muscatine, IA",0
34740,172188,0.465152279936653,"Muskegon, MI",1
34780,70990,0.482662789034077,"Muskogee, OK",0
34820,376722,0.35251104271127,"Myrtle Beach-Conway-North Myrtle Beach, SC-NC",1
34860,64524,0.526552519639473,"Nacogdoches, TX",0
34900,136484,0.410445808424724,"Napa, CA",1
34940,321520,0.812255722148933,"Naples-Immokalee-Marco Island, FL",1
34980,1670890,0.109957304853614,"Nashville-Davidson--Murfreesboro--Franklin, TN",1
35020,53119,0.287996286778113,"Natchez, MS-LA",0
35060,39566,0.500689780280443,"Natchitoches, LA",0
35100,126802,0.32886195289655,"New Bern, NC",1
35140,37508,0.580559996022753,"Newberry, SC",0
35220,49462,0.483596453192706,"New Castle, IN",0
35260,91108,0.589479722357978,"New Castle, PA",0
35300,862477,0.439280166704222,"New Haven-Milford, CT",1
35380,1189866,0.169892290078291,"New Orleans-Metairie, LA",1
35420,92582,0.42716082440649,"New Philadelphia-Dover, OH",0
35440,46034,0.434906467268758,"Newport, OR",0
35460,35662,0.718279428386708,"Newport, TN",0
35500,36842,0.396435934764068,"Newton, IA",0
35580,25893,0.410430641662185,"New Ulm, MN",0
35620,19567410,0.0860459827260576,"New York-Newark-Jersey City, NY-NJ-PA",1
35660,156813,0.584326231412257,"Niles-Benton Harbor, MI",1
35700,47420,0.560910599667187,"Nogales, AZ",0
35740,48271,0.275400577649052,"Norfolk, NE",0
35820,37590,0.446299742027688,"North Platte, NE",0
35840,702281,0.312179121916876,"North Port-Sarasota-Bradenton, FL",1
35860,28525,0.678926279039863,"North Vernon, IN",0
35900,69340,0.807243735588827,"North Wilkesboro, NC",0
35940,59626,0.463882353278889,"Norwalk, OH",0
35980,274055,0.607433682746707,"Norwich-New London, CT",1
36020,78506,0.621880777067573,"Oak Harbor, WA",0
36100,331298,0.724692498036729,"Ocala, FL",1
36140,97265,0.539817929826795,"Ocean City, NJ",1
36220,137130,0.511196877168221,"Odessa, TX",1
36260,597159,0.125890294386309,"Ogden-Clearfield, UT",1
36300,111944,0.509729064160395,"Ogdensburg-Massena, NY",0
36340,54984,0.489226994751085,"Oil City, PA",0
36380,39996,0.783923916400239,"Okeechobee, FL",0
36420,1252987,0.169935512483166,"Oklahoma City, OK",1
36460,80317,0.50958543006944,"Olean, NY",0
36500,252264,0.497944626832343,"Olympia-Tumwater, WA",1
36540,865350,0.211439382433709,"Omaha-Council Bluffs, NE-IA",1
36580,62259,0.58353993101282,"Oneonta, NY",0
36620,53936,0.240479231959814,"Ontario, OR-ID",0
36660,83384,0.578833677084823,"Opelousas, LA",0
36700,92501,0.665316721132889,"Orangeburg, SC",0
36740,2134411,0.192569298165457,"Orlando-Kissimmee-Sanford, FL",1
36780,166994,0.470664202403309,"Oshkosh-Neenah, WI",1
36820,22381,0.429740388368944,"Oskaloosa, IA",0
36830,18728,0.49764605595856,"Othello, WA",0
36840,25992,0.457049109673415,"Ottawa, KS",0
36860,154908,0.215789642508669,"Ottawa-Peru, IL",0
36900,44378,0.354446778567399,"Ottumwa, IA",0
36940,36576,0.485496765106235,"Owatonna, MN",0
36980,114752,0.40268215172078,"Owensboro, KY",1
37020,70648,0.528951633959166,"Owosso, MI",0
37060,47351,0.579102398566759,"Oxford, MS",0
37080,59916,0.569886846001661,"Oxford, NC",0
37100,823318,0.31850065470403,"Oxnard-Thousand Oaks-Ventura, CA",1
37120,50251,0.443505126405088,"Ozark, AL",0
37140,98762,0.29028990287126,"Paducah, KY-IL",0
37220,43946,1,"Pahrump, NV",0
37260,74364,0.704767252502032,"Palatka, FL",0
37300,58458,0.592600490544702,"Palestine, TX",0
37340,543376,0.406884334698623,"Palm Bay-Melbourne-Titusville, FL",1
37420,22535,0.476353136311879,"Pampa, TX",0
37460,184715,0.378241042882486,"Panama City, FL",1
37500,42090,0.490220926135803,"Paragould, AR",0
37540,32330,0.601444931742666,"Paris, TN",0
37580,49793,0.4764903841099,"Paris, TX",0
37620,92673,0.447785424606118,"Parkersburg-Vienna, WV",1
37660,21607,0.422662494058294,"Parsons, KS",0
37740,53597,0.476587393971065,"Payson, AZ",0
37780,13783,0.499537120359905,"Pecos, TX",0
37860,448991,0.426418463256233,"Pensacola-Ferry Pass-Brent, FL",1
37900,379186,0.157034963164205,"Peoria, IL",1
37940,36903,0.590651425194007,"Peru, IN",0
37980,5965343,0.0983124238220491,"Philadelphia-Camden-Wilmington, PA-NJ-DE-MD",1
38060,4192887,0.275871963990222,"Phoenix-Mesa-Scottsdale, AZ",1
38100,55834,0.669586143634342,"Picayune, MS",0
38180,21361,0.335143476303311,"Pierre, SD",0
38220,100258,0.328928078636775,"Pine Bluff, AR",1
38240,88247,0.481604926738995,"Pinehurst-Southern Pines, NC",0
38260,39134,0.408015763084165,"Pittsburg, KS",0
38300,2356285,0.149753923305263,"Pittsburgh, PA",1
38340,131219,0.539516869768296,"Pittsfield, MA",1
38380,36273,0.433580323374365,"Plainview, TX",0
38420,51208,0.403296015254153,"Platteville, WI",0
38460,82128,0.580026621092237,"Plattsburgh, NY",0
38500,47051,0.520764831127136,"Plymouth, IN",0
38540,82839,0.421370621880081,"Pocatello, ID",1
38580,58258,0.340261575585935,"Point Pleasant, WV-OH",0
38620,46562,0.39595733274137,"Ponca City, OK",0
38700,38950,0.447424617533946,"Pontiac, IL",0
38740,42794,0.568322966562288,"Poplar Bluff, MO",0
38780,19846,0.509665683749406,"Portales, NM",0
38820,71404,0.545364517534233,"Port Angeles, WA",0
38840,41428,0.569747463055079,"Port Clinton, OH",0
38860,514098,0.278968819426621,"Portland-South Portland, ME",1
38900,2226009,0.108276678887863,"Portland-Vancouver-Hillsboro, OR-WA",1
38920,21381,0.47747816149811,"Port Lavaca, TX",0
38940,424107,0.302449735477647,"Port St. Lucie, FL",1
39020,79499,0.633508769382091,"Portsmouth, OH",0
39060,148289,0.457784305876858,"Pottsville, PA",0
39140,211033,0.438096493314831,"Prescott, AZ",1
39220,21403,0.426538990351342,"Price, UT",0
39260,20978,0.575212613616664,"Prineville, OR",0
39300,1600852,0.139572331974277,"Providence-Warwick, RI-MA",1
39340,526810,0.272694579210891,"Provo-Orem, UT",1
39380,159063,0.517586568914337,"Pueblo, CO",1
39420,44776,0.415815503317338,"Pullman, WA",0
39460,159978,0.829315204432258,"Punta Gorda, FL",1
39500,77314,0.373094588342491,"Quincy, IL-MO",0
39540,195408,0.356297753056938,"Racine, WI",1
39580,1130490,0.46893926346858,"Raleigh, NC",1
39660,134598,0.308697835713643,"Rapid City, SD",1
39700,22134,0.466063504761749,"Raymondville, TX",0
39740,411442,0.527748170681936,"Reading, PA",1
39780,63463,0.584464390741051,"Red Bluff, CA",0
39820,177223,0.481190864758212,"Redding, CA",1
39860,46183,0.361035330419935,"Red Wing, MN",0
39900,425417,0.430782688352517,"Reno, NV",1
39940,50778,0.318115176371751,"Rexburg, ID",0
39980,68917,0.457044729319688,"Richmond, IN",0
40060,1208101,0.131722674324449,"Richmond, VA",1
40080,99972,0.376668880893681,"Richmond-Berea, KY",0
40100,60968,0.52495225315874,"Rio Grande City, TX",0
40140,4224851,0.159803422101148,"Riverside-San Bernardino-Ontario, CA",1
40180,40123,0.485818310733877,"Riverton, WY",0
40220,308707,0.16587270952924,"Roanoke, VA",1
40260,76790,0.33098590374568,"Roanoke Rapids, NC",0
40300,53497,0.528924199208698,"Rochelle, IL",0
40340,206877,0.252446909743895,"Rochester, MN",1
40380,1079671,0.300527859668052,"Rochester, NY",1
40420,349431,0.300409380065692,"Rockford, IL",1
40460,46639,0.541328884084332,"Rockingham, NC",0
40540,43806,0.403348370831349,"Rock Springs, WY",0
40580,152392,0.2725315808325,"Rocky Mount, NC",1
40620,45156,0.494587223912464,"Rolla, MO",0
40660,96317,0.591715162947723,"Rome, GA",1
40700,107667,0.494359591977293,"Roseburg, OR",0
40740,65645,0.486180249089516,"Roswell, NM",0
40780,83939,0.301554534253644,"Russellville, AR",0
40820,46735,0.45688272603906,"Ruston, LA",0
40860,61642,0.640641804184648,"Rutland, VT",0
40900,2149127,0.208196177754219,"Sacramento--Roseville--Arden-Arcade, CA",1
40940,37220,0.515804233403566,"Safford, AZ",0
40980,200169,0.600736703143495,"Saginaw, MI",1
41060,189093,0.259664959003196,"St. Cloud, MN",1
41100,138115,0.345461924429663,"St. George, UT",1
41140,127329,0.287396867687978,"St. Joseph, MO-KS",1
41180,2787701,0.071033933974866,"St. Louis, MO-IL",1
41220,50513,0.429279482715932,"St. Marys, GA",0
41400,107841,0.500068943594335,"Salem, OH",0
41420,390738,0.283210176019234,"Salem, OR",1
41460,61697,0.413925596523408,"Salina, KS",0
41500,415057,0.372708267714584,"Salinas, CA",1
41540,373802,0.227833278585488,"Salisbury, MD-DE",1
41620,1087873,0.282804820112085,"Salt Lake City, UT",1
41660,111823,0.49199848947611,"San Angelo, TX",1
41700,2142508,0.328702058923099,"San Antonio-New Braunfels, TX",1
41740,3095313,0.351994422466182,"San Diego-Carlsbad, CA",1
41760,40877,0.607376209735552,"Sandpoint, ID",0
41780,77079,0.388504291101288,"Sandusky, OH",0
41820,57866,0.559978170070986,"Sanford, NC",0
41860,4335391,0.0828969009955885,"San Francisco-Oakland-Hayward, CA",1
41940,1836911,0.325052629595509,"San Jose-Sunnyvale-Santa Clara, CA",1
42020,269637,0.434469910658569,"San Luis Obispo-Paso Robles-Arroyo Grande, CA",1
42100,262382,0.482500290868083,"Santa Cruz-Watsonville, CA",1
42140,144170,0.56456410387631,"Santa Fe, NM",1
42200,423895,0.392646917178388,"Santa Maria-Santa Barbara, CA",1
42220,483878,0.396788217602544,"Santa Rosa, CA",1
42300,38520,0.599732280623568,"Sault Ste. Marie, MI",0
42340,347611,0.307476927511958,"Savannah, GA",1
42380,62622,0.597500916168391,"Sayre, PA",0
42420,38971,0.361247838147071,"Scottsbluff, NE",0
42460,53227,0.502281499742024,"Scottsboro, AL",0
42540,563631,0.188649877795627,"Scranton--Wilkes-Barre--Hazleton, PA",1
42620,77076,0.467317980657057,"Searcy, AR",0
42660,3439809,0.155017283480811,"Seattle-Tacoma-Bellevue, WA",1
42680,138028,0.580663355592051,"Sebastian-Vero Beach, FL",1
42700,98786,0.68723992277701,"Sebring, FL",1
42740,42201,0.51154576527156,"Sedalia, MO",0
42780,39702,0.62499508029016,"Selinsgrove, PA",0
42820,43820,0.500102663601947,"Selma, AL",0
42860,74273,0.700165342889575,"Seneca, SC",0
42900,35251,0.556709560751144,"Seneca Falls, NY",0
42940,89889,0.631163274418967,"Sevierville, TN",0
42980,42376,0.498613141504727,"Seymour, IN",0
43020,46181,0.480389419459745,"Shawano, WI",0
43060,69442,0.415120282607425,"Shawnee, OK",0
43100,115507,0.414486774321815,"Sheboygan, WI",1
43140,98078,0.520492763257876,"Shelby, NC",0
43180,45058,0.549694212587452,"Shelbyville, TN",0
43220,60699,0.760029960247943,"Shelton, WA",0
43260,29116,0.494104096967649,"Sheridan, WY",0
43300,120877,0.421574217640594,"Sherman-Denison, TX",1
43320,107449,0.54959971860977,"Show Low, AZ",0
43340,439811,0.219868878164952,"Shreveport-Bossier City, LA",1
43380,49423,0.481362784726033,"Sidney, OH",0
43420,131346,0.442269846718534,"Sierra Vista-Douglas, AZ",1
43460,39191,0.714923880327621,"Sikeston, MO",0
43500,29514,0.484594774215953,"Silver City, NM",0
43580,168563,0.202316549603071,"Sioux City, IA-NE-SD",1
43620,228261,0.300417835049483,"Sioux Falls, SD",1
43660,16921,0.52067697028924,"Snyder, TX",0
43700,63063,0.701507097280839,"Somerset, KY",0
43740,77742,0.584510931851864,"Somerset, PA",0
43760,55365,0.850530137858293,"Sonora, CA",0
43780,319224,0.362246925518211,"South Bend-Mishawaka, IN-MI",1
43900,313268,0.564615123818511,"Spartanburg, SC",1
43940,24097,0.438390500826661,"Spearfish, SD",0
43980,16667,0.448719716730974,"Spencer, IA",0
44020,16667,0.368205796814766,"Spirit Lake, IA",0
44060,527753,0.360049898919623,"Spokane-Spokane Valley, WA",1
44100,210170,0.368056046649867,"Springfield, IL",1
44140,621570,0.25955203581846,"Springfield, MA",1
44180,436712,0.225321518119035,"Springfield, MO",1
44220,138333,0.514270118910158,"Springfield, OH",1
44260,47671,0.538331137505325,"Starkville, MS",0
44300,153990,0.575338791400471,"State College, PA",1
44340,70217,0.56445964546288,"Statesboro, GA",0
44420,118502,0.267888555038611,"Staunton-Waynesboro, VA",1
44460,23509,0.468927704893365,"Steamboat Springs, CO",0
44500,37890,0.483730935461553,"Stephenville, TX",0
44540,22709,0.488061953731076,"Sterling, CO",0
44580,58498,0.401796293111197,"Sterling, IL",0
44620,70019,0.441470934211538,"Stevens Point, WI",0
44660,77350,0.440666800836713,"Stillwater, OK",0
44700,685306,0.377976847923398,"Stockton-Lodi, CA",1
44740,20260,0.399831029601925,"Storm Lake, IA",0
44780,61295,0.510197679543192,"Sturgis, MI",0
44860,35161,0.537898929214772,"Sulphur Springs, TX",0
44900,26015,0.62893224016925,"Summerville, GA",0
44920,36324,0.546149651431791,"Summit Park, UT",0
44940,107456,0.59212812545826,"Sumter, SC",1
44980,94528,0.483318923769473,"Sunbury, PA",0
45000,34895,0.551433777469648,"Susanville, CA",0
45020,15216,0.467641713657721,"Sweetwater, TX",0
45060,662577,0.30122980930612,"Syracuse, NY",1
45140,46987,0.538558295243184,"Tahlequah, OK",0
45180,93830,0.386321865059563,"Talladega-Sylacauga, AL",0
45220,367413,0.34476181889089,"Tallahassee, FL",1
45300,2783243,0.18643370378997,"Tampa-St. Petersburg-Clearwater, FL",1
45340,32937,0.66780531490159,"Taos, NM",0
45380,34800,0.36583114525142,"Taylorville, IL",0
45460,172425,0.237331413163164,"Terre Haute, IN",1
45500,149198,0.21716175183284,"Texarkana, TX-AR",1
45520,25213,0.504333067503104,"The Dalles, OR",0
45540,93420,0.796044903855476,"The Villages, FL",1
45580,27153,0.610590219101451,"Thomaston, GA",0
45620,44720,0.543269658738161,"Thomasville, GA",0
45660,56745,0.582378016235588,"Tiffin, OH",0
45700,40118,0.573916087853093,"Tifton, GA",0
45740,26175,0.622478657566993,"Toccoa, GA",0
45780,610001,0.260183076493939,"Toledo, OH",1
45820,233870,0.321806658341037,"Topeka, KS",1
45860,189927,0.717357328614839,"Torrington, CT",0
45900,143372,0.317681454701257,"Traverse City, MI",0
45940,366513,0.631546005534434,"Trenton, NJ",1
45980,32899,0.494167154512989,"Troy, AL",0
46020,98764,0.595003590225685,"Truckee-Grass Valley, CA",0
46060,980263,0.478076327105904,"Tucson, AZ",1
46100,100210,0.220150747296734,"Tullahoma-Manchester, TN",0
46140,937478,0.189196907919789,"Tulsa, OK",1
46180,136268,0.233247604352345,"Tupelo, MS",0
46220,230162,0.357898752325552,"Tuscaloosa, AL",1
46300,99604,0.305606017656825,"Twin Falls, ID",0
46340,209714,0.505873979685656,"Tyler, TX",1
46380,87841,0.592963215973365,"Ukiah, CA",0
46460,38620,0.326733494793436,"Union City, TN-KY",0
46500,40097,0.521286506447084,"Urbana, OH",0
46540,299397,0.313334938259911,"Utica-Rome, NY",1
46620,26405,0.493102096242923,"Uvalde, TX",0
46660,139588,0.352796160191862,"Valdosta, GA",1
46700,413344,0.31540360840636,"Vallejo-Fairfield, CA",1
46740,34215,0.456446318209077,"Valley, AL",0
46780,28744,0.518202598421435,"Van Wert, OH",0
46820,13864,0.479995439667499,"Vermillion, SD",0
46860,32588,0.586902673667291,"Vernal, UT",0
46900,13535,0.505328407833415,"Vernon, TX",0
46980,58377,0.433269144342992,"Vicksburg, MS",0
47020,94003,0.457999276162222,"Victoria, TX",1
47080,36346,0.312709881671989,"Vidalia, GA",0
47180,38440,0.462426312963058,"Vincennes, IN",0
47220,156898,0.402499485643728,"Vineland-Bridgeton, NJ",1
47240,16535,1,"Vineyard Haven, MA",0
47260,1676822,0.0771651506048007,"Virginia Beach-Norfolk-Newport News, VA-NC",1
47300,442179,0.397100427655024,"Visalia-Porterville, CA",1
47340,32888,0.466407224355372,"Wabash, IN",0
47380,252772,0.356278545937772,"Waco, TX",1
47420,22897,0.261761080790158,"Wahpeton, ND-MN",0
47460,62859,0.394563890221329,"Walla Walla, WA",1
47540,45949,0.420396252081364,"Wapakoneta, OH",0
47580,179605,0.309069068596566,"Warner Robins, GA",1
47620,41815,0.606771352731184,"Warren, PA",0
47660,52595,0.517507954577787,"Warrensburg, MO",0
47700,77358,0.551183510935108,"Warsaw, IN",0
47780,31648,0.532398835722305,"Washington, IN",0
47820,47759,0.631089497763318,"Washington, NC",0
47900,5636232,0.0796462048600557,"Washington-Arlington-Alexandria, DC-VA-MD-WV",1
47920,29030,0.487737074699692,"Washington Court House, OH",0
47940,167819,0.242983087494503,"Waterloo-Cedar Falls, IA",1
47980,27227,0.484484043944243,"Watertown, SD",0
48020,83686,0.42337334171701,"Watertown-Fort Atkinson, WI",0
48060,116229,0.523968552514566,"Watertown-Fort Drum, NY",1
48100,27731,0.573450110544879,"Wauchula, FL",0
48140,134063,0.364646976008491,"Wausau, WI",1
48180,55070,0.34341625225064,"Waycross, GA",0
48220,27469,0.374269433526791,"Weatherford, OK",0
48260,124454,0.191953934374191,"Weirton-Steubenville, WV-OH",1
48300,110884,0.269686700054752,"Wenatchee, WA",1
48460,40400,0.54173960904438,"West Plains, MO",0
48540,147950,0.171199029499783,"Wheeling, WV-OH",1
48580,102228,0.477083073493501,"Whitewater-Elkhorn, WI",0
48620,630919,0.286370260640079,"Wichita, KS",1
48660,151306,0.345950809301788,"Wichita Falls, TX",1
48700,116111,0.504716193965753,"Williamsport, PA",1
48780,22398,0.462188149347586,"Williston, ND",0
48820,42239,0.467621464741338,"Willmar, MN",0
48900,254884,0.389024680692907,"Wilmington, NC",1
48940,42040,0.452890571513288,"Wilmington, OH",0
48980,81234,0.49459768519921,"Wilson, NC",0
49020,128472,0.316033544796526,"Winchester, VA-WV",1
49080,16528,0.572850782759349,"Winnemucca, NV",0
49100,51461,0.413433770071716,"Winona, MN",0
49180,640595,0.176750255576461,"Winston-Salem, NC",1
49220,74749,0.569469673437779,"Wisconsin Rapids-Marshfield, WI",0
49260,20081,0.480078815655413,"Woodward, OK",0
49300,114520,0.535024111279097,"Wooster, OH",0
49340,916980,0.462487821157457,"Worcester, MA-CT",1
49380,21378,0.433569218172219,"Worthington, MN",0
49420,243231,0.419921639789054,"Yakima, WA",1
49460,22438,0.497979496620233,"Yankton, SD",0
49620,434972,0.624928049118537,"York-Hanover, PA",1
49660,565773,0.169185251850044,"Youngstown-Warren-Boardman, OH-PA",1
49700,166892,0.284776745647265,"Yuba City, CA",1
49740,195751,0.435385267178276,"Yuma, AZ",1
49780,86074,0.543767874325285,"Zanesville, OH",0
49820,14018,1,"Zapata, TX",0
